PRAGMA foreign_keys=OFF;
BEGIN TRANSACTION;
CREATE TABLE IF NOT EXISTS "django_migrations" ("id" integer NOT NULL PRIMARY KEY AUTOINCREMENT, "app" varchar(255) NOT NULL, "name" varchar(255) NOT NULL, "applied" datetime NOT NULL);
INSERT INTO django_migrations VALUES(1,'contenttypes','0001_initial','2024-03-08 12:20:40.189594');
INSERT INTO django_migrations VALUES(2,'contenttypes','0002_remove_content_type_name','2024-03-08 12:20:40.221574');
INSERT INTO django_migrations VALUES(3,'auth','0001_initial','2024-03-08 12:20:40.293528');
INSERT INTO django_migrations VALUES(4,'auth','0002_alter_permission_name_max_length','2024-03-08 12:20:40.338502');
INSERT INTO django_migrations VALUES(5,'auth','0003_alter_user_email_max_length','2024-03-08 12:20:40.369483');
INSERT INTO django_migrations VALUES(6,'auth','0004_alter_user_username_opts','2024-03-08 12:20:40.404461');
INSERT INTO django_migrations VALUES(7,'auth','0005_alter_user_last_login_null','2024-03-08 12:20:40.432443');
INSERT INTO django_migrations VALUES(8,'auth','0006_require_contenttypes_0002','2024-03-08 12:20:40.453432');
INSERT INTO django_migrations VALUES(9,'auth','0007_alter_validators_add_error_messages','2024-03-08 12:20:40.481414');
INSERT INTO django_migrations VALUES(10,'auth','0008_alter_user_username_max_length','2024-03-08 12:20:40.526387');
INSERT INTO django_migrations VALUES(11,'auth','0009_alter_user_last_name_max_length','2024-03-08 12:20:40.556368');
INSERT INTO django_migrations VALUES(12,'auth','0010_alter_group_name_max_length','2024-03-08 12:20:40.593345');
INSERT INTO django_migrations VALUES(13,'auth','0011_update_proxy_permissions','2024-03-08 12:20:40.615329');
INSERT INTO django_migrations VALUES(14,'auth','0012_alter_user_first_name_max_length','2024-03-08 12:20:40.640315');
INSERT INTO django_migrations VALUES(15,'newmamapesa','0001_initial','2024-03-08 12:20:41.075045');
INSERT INTO django_migrations VALUES(16,'admin','0001_initial','2024-03-08 12:20:41.133010');
INSERT INTO django_migrations VALUES(17,'admin','0002_logentry_remove_auto_add','2024-03-08 12:20:41.206967');
INSERT INTO django_migrations VALUES(18,'admin','0003_logentry_add_action_flag_choices','2024-03-08 12:20:41.267928');
INSERT INTO django_migrations VALUES(19,'authtoken','0001_initial','2024-03-08 12:20:41.340884');
INSERT INTO django_migrations VALUES(20,'authtoken','0002_auto_20160226_1747','2024-03-08 12:20:41.519772');
INSERT INTO django_migrations VALUES(21,'authtoken','0003_tokenproxy','2024-03-08 12:20:41.537763');
INSERT INTO django_migrations VALUES(22,'newmamapesa','0002_alter_loan_options_alter_loan_table','2024-03-08 12:20:41.666684');
INSERT INTO django_migrations VALUES(23,'newmamapesa','0003_remove_loantransaction_type','2024-03-08 12:20:41.737640');
INSERT INTO django_migrations VALUES(24,'newmamapesa','0004_loantransaction_type_and_more','2024-03-08 12:20:41.850568');
INSERT INTO django_migrations VALUES(25,'newmamapesa','0005_loan_fee','2024-03-08 12:20:41.909531');
INSERT INTO django_migrations VALUES(26,'newmamapesa','0006_alter_loantransaction_type_delete_loanrepayment','2024-03-08 12:20:41.972496');
INSERT INTO django_migrations VALUES(27,'newmamapesa','0007_remove_loan_purpose_alter_loantransaction_type','2024-03-08 12:20:42.072431');
INSERT INTO django_migrations VALUES(28,'newmamapesa','0008_remove_customuser_created_at_and_more','2024-03-08 12:20:42.759007');
INSERT INTO django_migrations VALUES(29,'sessions','0001_initial','2024-03-08 12:20:42.780996');
INSERT INTO django_migrations VALUES(30,'newmamapesa','0009_currency_remove_userdetails_user_and_more','2024-03-08 12:23:00.972217');
INSERT INTO django_migrations VALUES(31,'newmamapesa','0010_remove_savingstransaction_payment_method_and_more','2024-03-08 12:27:58.953631');
INSERT INTO django_migrations VALUES(32,'newmamapesa','0011_communication','2024-03-08 12:57:03.569789');
CREATE TABLE IF NOT EXISTS "django_content_type" ("id" integer NOT NULL PRIMARY KEY AUTOINCREMENT, "app_label" varchar(100) NOT NULL, "model" varchar(100) NOT NULL);
INSERT INTO django_content_type VALUES(1,'admin','logentry');
INSERT INTO django_content_type VALUES(2,'auth','permission');
INSERT INTO django_content_type VALUES(3,'auth','group');
INSERT INTO django_content_type VALUES(4,'contenttypes','contenttype');
INSERT INTO django_content_type VALUES(5,'sessions','session');
INSERT INTO django_content_type VALUES(6,'newmamapesa','item');
INSERT INTO django_content_type VALUES(7,'newmamapesa','paymentmethod');
INSERT INTO django_content_type VALUES(8,'newmamapesa','customuser');
INSERT INTO django_content_type VALUES(9,'newmamapesa','loan');
INSERT INTO django_content_type VALUES(10,'newmamapesa','loantransaction');
INSERT INTO django_content_type VALUES(11,'newmamapesa','savings');
INSERT INTO django_content_type VALUES(12,'newmamapesa','savingsitem');
INSERT INTO django_content_type VALUES(13,'newmamapesa','savingstransaction');
INSERT INTO django_content_type VALUES(14,'newmamapesa','trustscore');
INSERT INTO django_content_type VALUES(15,'newmamapesa','userdetails');
INSERT INTO django_content_type VALUES(16,'authtoken','token');
INSERT INTO django_content_type VALUES(17,'authtoken','tokenproxy');
INSERT INTO django_content_type VALUES(18,'newmamapesa','currency');
INSERT INTO django_content_type VALUES(19,'newmamapesa','customer');
INSERT INTO django_content_type VALUES(20,'newmamapesa','payment');
INSERT INTO django_content_type VALUES(21,'newmamapesa','communication');
CREATE TABLE IF NOT EXISTS "auth_group_permissions" ("id" integer NOT NULL PRIMARY KEY AUTOINCREMENT, "group_id" integer NOT NULL REFERENCES "auth_group" ("id") DEFERRABLE INITIALLY DEFERRED, "permission_id" integer NOT NULL REFERENCES "auth_permission" ("id") DEFERRABLE INITIALLY DEFERRED);
CREATE TABLE IF NOT EXISTS "auth_permission" ("id" integer NOT NULL PRIMARY KEY AUTOINCREMENT, "content_type_id" integer NOT NULL REFERENCES "django_content_type" ("id") DEFERRABLE INITIALLY DEFERRED, "codename" varchar(100) NOT NULL, "name" varchar(255) NOT NULL);
INSERT INTO auth_permission VALUES(1,1,'add_logentry','Can add log entry');
INSERT INTO auth_permission VALUES(2,1,'change_logentry','Can change log entry');
INSERT INTO auth_permission VALUES(3,1,'delete_logentry','Can delete log entry');
INSERT INTO auth_permission VALUES(4,1,'view_logentry','Can view log entry');
INSERT INTO auth_permission VALUES(5,2,'add_permission','Can add permission');
INSERT INTO auth_permission VALUES(6,2,'change_permission','Can change permission');
INSERT INTO auth_permission VALUES(7,2,'delete_permission','Can delete permission');
INSERT INTO auth_permission VALUES(8,2,'view_permission','Can view permission');
INSERT INTO auth_permission VALUES(9,3,'add_group','Can add group');
INSERT INTO auth_permission VALUES(10,3,'change_group','Can change group');
INSERT INTO auth_permission VALUES(11,3,'delete_group','Can delete group');
INSERT INTO auth_permission VALUES(12,3,'view_group','Can view group');
INSERT INTO auth_permission VALUES(13,4,'add_contenttype','Can add content type');
INSERT INTO auth_permission VALUES(14,4,'change_contenttype','Can change content type');
INSERT INTO auth_permission VALUES(15,4,'delete_contenttype','Can delete content type');
INSERT INTO auth_permission VALUES(16,4,'view_contenttype','Can view content type');
INSERT INTO auth_permission VALUES(17,5,'add_session','Can add session');
INSERT INTO auth_permission VALUES(18,5,'change_session','Can change session');
INSERT INTO auth_permission VALUES(19,5,'delete_session','Can delete session');
INSERT INTO auth_permission VALUES(20,5,'view_session','Can view session');
INSERT INTO auth_permission VALUES(21,6,'add_item','Can add item');
INSERT INTO auth_permission VALUES(22,6,'change_item','Can change item');
INSERT INTO auth_permission VALUES(23,6,'delete_item','Can delete item');
INSERT INTO auth_permission VALUES(24,6,'view_item','Can view item');
INSERT INTO auth_permission VALUES(25,7,'add_paymentmethod','Can add payment method');
INSERT INTO auth_permission VALUES(26,7,'change_paymentmethod','Can change payment method');
INSERT INTO auth_permission VALUES(27,7,'delete_paymentmethod','Can delete payment method');
INSERT INTO auth_permission VALUES(28,7,'view_paymentmethod','Can view payment method');
INSERT INTO auth_permission VALUES(29,8,'add_customuser','Can add custom user');
INSERT INTO auth_permission VALUES(30,8,'change_customuser','Can change custom user');
INSERT INTO auth_permission VALUES(31,8,'delete_customuser','Can delete custom user');
INSERT INTO auth_permission VALUES(32,8,'view_customuser','Can view custom user');
INSERT INTO auth_permission VALUES(33,9,'add_loan','Can add loan');
INSERT INTO auth_permission VALUES(34,9,'change_loan','Can change loan');
INSERT INTO auth_permission VALUES(35,9,'delete_loan','Can delete loan');
INSERT INTO auth_permission VALUES(36,9,'view_loan','Can view loan');
INSERT INTO auth_permission VALUES(37,10,'add_loantransaction','Can add loan transaction');
INSERT INTO auth_permission VALUES(38,10,'change_loantransaction','Can change loan transaction');
INSERT INTO auth_permission VALUES(39,10,'delete_loantransaction','Can delete loan transaction');
INSERT INTO auth_permission VALUES(40,10,'view_loantransaction','Can view loan transaction');
INSERT INTO auth_permission VALUES(41,11,'add_savings','Can add savings');
INSERT INTO auth_permission VALUES(42,11,'change_savings','Can change savings');
INSERT INTO auth_permission VALUES(43,11,'delete_savings','Can delete savings');
INSERT INTO auth_permission VALUES(44,11,'view_savings','Can view savings');
INSERT INTO auth_permission VALUES(45,12,'add_savingsitem','Can add savings item');
INSERT INTO auth_permission VALUES(46,12,'change_savingsitem','Can change savings item');
INSERT INTO auth_permission VALUES(47,12,'delete_savingsitem','Can delete savings item');
INSERT INTO auth_permission VALUES(48,12,'view_savingsitem','Can view savings item');
INSERT INTO auth_permission VALUES(49,13,'add_savingstransaction','Can add savings transaction');
INSERT INTO auth_permission VALUES(50,13,'change_savingstransaction','Can change savings transaction');
INSERT INTO auth_permission VALUES(51,13,'delete_savingstransaction','Can delete savings transaction');
INSERT INTO auth_permission VALUES(52,13,'view_savingstransaction','Can view savings transaction');
INSERT INTO auth_permission VALUES(53,14,'add_trustscore','Can add trust score');
INSERT INTO auth_permission VALUES(54,14,'change_trustscore','Can change trust score');
INSERT INTO auth_permission VALUES(55,14,'delete_trustscore','Can delete trust score');
INSERT INTO auth_permission VALUES(56,14,'view_trustscore','Can view trust score');
INSERT INTO auth_permission VALUES(57,15,'add_userdetails','Can add user details');
INSERT INTO auth_permission VALUES(58,15,'change_userdetails','Can change user details');
INSERT INTO auth_permission VALUES(59,15,'delete_userdetails','Can delete user details');
INSERT INTO auth_permission VALUES(60,15,'view_userdetails','Can view user details');
INSERT INTO auth_permission VALUES(61,16,'add_token','Can add Token');
INSERT INTO auth_permission VALUES(62,16,'change_token','Can change Token');
INSERT INTO auth_permission VALUES(63,16,'delete_token','Can delete Token');
INSERT INTO auth_permission VALUES(64,16,'view_token','Can view Token');
INSERT INTO auth_permission VALUES(65,17,'add_tokenproxy','Can add token');
INSERT INTO auth_permission VALUES(66,17,'change_tokenproxy','Can change token');
INSERT INTO auth_permission VALUES(67,17,'delete_tokenproxy','Can delete token');
INSERT INTO auth_permission VALUES(68,17,'view_tokenproxy','Can view token');
INSERT INTO auth_permission VALUES(69,18,'add_currency','Can add currency');
INSERT INTO auth_permission VALUES(70,18,'change_currency','Can change currency');
INSERT INTO auth_permission VALUES(71,18,'delete_currency','Can delete currency');
INSERT INTO auth_permission VALUES(72,18,'view_currency','Can view currency');
INSERT INTO auth_permission VALUES(73,19,'add_customer','Can add customer');
INSERT INTO auth_permission VALUES(74,19,'change_customer','Can change customer');
INSERT INTO auth_permission VALUES(75,19,'delete_customer','Can delete customer');
INSERT INTO auth_permission VALUES(76,19,'view_customer','Can view customer');
INSERT INTO auth_permission VALUES(77,20,'add_payment','Can add payment');
INSERT INTO auth_permission VALUES(78,20,'change_payment','Can change payment');
INSERT INTO auth_permission VALUES(79,20,'delete_payment','Can delete payment');
INSERT INTO auth_permission VALUES(80,20,'view_payment','Can view payment');
INSERT INTO auth_permission VALUES(81,21,'add_communication','Can add communication');
INSERT INTO auth_permission VALUES(82,21,'change_communication','Can change communication');
INSERT INTO auth_permission VALUES(83,21,'delete_communication','Can delete communication');
INSERT INTO auth_permission VALUES(84,21,'view_communication','Can view communication');
CREATE TABLE IF NOT EXISTS "auth_group" ("id" integer NOT NULL PRIMARY KEY AUTOINCREMENT, "name" varchar(150) NOT NULL UNIQUE);
CREATE TABLE IF NOT EXISTS "Items" ("id" integer NOT NULL PRIMARY KEY AUTOINCREMENT, "name" varchar(255) NOT NULL, "loan_count" integer NOT NULL, "price" decimal NOT NULL, "description" text NULL, "in_stock" bool NOT NULL, "image" varchar(100) NULL);
CREATE TABLE IF NOT EXISTS "Users_groups" ("id" integer NOT NULL PRIMARY KEY AUTOINCREMENT, "customuser_id" bigint NOT NULL REFERENCES "Users" ("id") DEFERRABLE INITIALLY DEFERRED, "group_id" integer NOT NULL REFERENCES "auth_group" ("id") DEFERRABLE INITIALLY DEFERRED);
CREATE TABLE IF NOT EXISTS "Users_user_permissions" ("id" integer NOT NULL PRIMARY KEY AUTOINCREMENT, "customuser_id" bigint NOT NULL REFERENCES "Users" ("id") DEFERRABLE INITIALLY DEFERRED, "permission_id" integer NOT NULL REFERENCES "auth_permission" ("id") DEFERRABLE INITIALLY DEFERRED);
CREATE TABLE IF NOT EXISTS "Savings_Items" ("id" integer NOT NULL PRIMARY KEY AUTOINCREMENT, "target_amount" decimal NOT NULL, "amount_saved" decimal NOT NULL, "start_date" date NOT NULL, "due_date" date NULL, "achieved" bool NOT NULL, "in_progress" bool NOT NULL, "saving_period" integer NOT NULL, "is_suspended" bool NOT NULL, "item_id" bigint NOT NULL REFERENCES "Items" ("id") DEFERRABLE INITIALLY DEFERRED, "savings_id" bigint NOT NULL REFERENCES "Savings_Accounts" ("id") DEFERRABLE INITIALLY DEFERRED);
CREATE TABLE IF NOT EXISTS "Savings_Accounts" ("id" integer NOT NULL PRIMARY KEY AUTOINCREMENT, "amount_saved" decimal NOT NULL, "created_at" datetime NOT NULL, "updated_at" datetime NOT NULL, "user_id" bigint NOT NULL UNIQUE REFERENCES "Users" ("id") DEFERRABLE INITIALLY DEFERRED);
CREATE TABLE IF NOT EXISTS "django_admin_log" ("id" integer NOT NULL PRIMARY KEY AUTOINCREMENT, "object_id" text NULL, "object_repr" varchar(200) NOT NULL, "action_flag" smallint unsigned NOT NULL CHECK ("action_flag" >= 0), "change_message" text NOT NULL, "content_type_id" integer NULL REFERENCES "django_content_type" ("id") DEFERRABLE INITIALLY DEFERRED, "user_id" bigint NOT NULL REFERENCES "Users" ("id") DEFERRABLE INITIALLY DEFERRED, "action_time" datetime NOT NULL);
CREATE TABLE IF NOT EXISTS "authtoken_token" ("key" varchar(40) NOT NULL PRIMARY KEY, "created" datetime NOT NULL, "user_id" bigint NOT NULL UNIQUE REFERENCES "Users" ("id") DEFERRABLE INITIALLY DEFERRED);
CREATE TABLE IF NOT EXISTS "django_session" ("session_key" varchar(40) NOT NULL PRIMARY KEY, "session_data" text NOT NULL, "expire_date" datetime NOT NULL);
CREATE TABLE IF NOT EXISTS "Currencies" ("id" integer NOT NULL PRIMARY KEY AUTOINCREMENT, "code" varchar(3) NOT NULL UNIQUE, "name" varchar(100) NOT NULL);
CREATE TABLE IF NOT EXISTS "Users" ("id" integer NOT NULL PRIMARY KEY AUTOINCREMENT, "password" varchar(128) NOT NULL, "last_login" datetime NULL, "is_superuser" bool NOT NULL, "username" varchar(150) NOT NULL UNIQUE, "first_name" varchar(150) NOT NULL, "last_name" varchar(150) NOT NULL, "is_staff" bool NOT NULL, "is_active" bool NOT NULL, "date_joined" datetime NOT NULL, "email" varchar(254) NOT NULL, "phone_number" varchar(15) NULL, "created_at" datetime NOT NULL, "updated_at" datetime NOT NULL);
CREATE TABLE IF NOT EXISTS "Loans" ("id" integer NOT NULL PRIMARY KEY AUTOINCREMENT, "amount" decimal NOT NULL, "loan_duration" integer NOT NULL, "application_date" date NOT NULL, "due_date" date NULL, "repaid_amount" decimal NOT NULL, "is_approved" bool NOT NULL, "is_active" bool NOT NULL, "amount_disbursed" decimal NULL, "created_at" datetime NOT NULL, "updated_at" datetime NOT NULL, "user_id" bigint NOT NULL REFERENCES "Users" ("id") DEFERRABLE INITIALLY DEFERRED, "amount_deducted" decimal NULL, "approval_date" date NULL, "deduction_rate" decimal NOT NULL, "default_rate" decimal NOT NULL, "is_disbursed" bool NOT NULL, "default_days" integer NOT NULL);
CREATE TABLE IF NOT EXISTS "Payment_Methods" ("id" integer NOT NULL PRIMARY KEY AUTOINCREMENT, "name" varchar(30) NOT NULL, "description" text NOT NULL, "icon" varchar(100) NULL, "active" bool NOT NULL, "created_at" datetime NOT NULL, "updated_at" datetime NOT NULL, "payment_gateway" varchar(50) NOT NULL);
CREATE TABLE IF NOT EXISTS "Payment_Methods_currency" ("id" integer NOT NULL PRIMARY KEY AUTOINCREMENT, "paymentmethod_id" bigint NOT NULL REFERENCES "Payment_Methods" ("id") DEFERRABLE INITIALLY DEFERRED, "currency_id" bigint NOT NULL REFERENCES "Currencies" ("id") DEFERRABLE INITIALLY DEFERRED);
CREATE TABLE IF NOT EXISTS "Customer" ("id" integer NOT NULL PRIMARY KEY AUTOINCREMENT, "account_number" varchar(20) NOT NULL, "id_number" varchar(20) NOT NULL UNIQUE, "address" varchar(100) NOT NULL, "trust_score" decimal NOT NULL, "created_at" datetime NOT NULL, "updated_at" datetime NOT NULL, "user_id" bigint NOT NULL UNIQUE REFERENCES "Users" ("id") DEFERRABLE INITIALLY DEFERRED);
CREATE TABLE IF NOT EXISTS "Payments" ("id" integer NOT NULL PRIMARY KEY AUTOINCREMENT, "amount" decimal NOT NULL, "type" varchar(50) NOT NULL, "transaction_id" varchar(100) NULL, "payment_ref" varchar(100) NULL, "status" varchar(50) NOT NULL, "payment_date" datetime NOT NULL, "customer_id" bigint NOT NULL REFERENCES "Customer" ("id") DEFERRABLE INITIALLY DEFERRED, "loan_id" bigint NULL REFERENCES "Loans" ("id") DEFERRABLE INITIALLY DEFERRED, "payment_method_id" bigint NULL REFERENCES "Payment_Methods" ("id") DEFERRABLE INITIALLY DEFERRED, "savings_id" bigint NULL REFERENCES "Savings_Accounts" ("id") DEFERRABLE INITIALLY DEFERRED);
CREATE TABLE IF NOT EXISTS "newmamapesa_communication" ("id" integer NOT NULL PRIMARY KEY AUTOINCREMENT, "communication_type" varchar(20) NOT NULL, "timestamp" datetime NOT NULL, "message" text NOT NULL, "user_id" bigint NOT NULL REFERENCES "Users" ("id") DEFERRABLE INITIALLY DEFERRED);
DELETE FROM sqlite_sequence;
INSERT INTO sqlite_sequence VALUES('django_migrations',32);
INSERT INTO sqlite_sequence VALUES('django_content_type',21);
INSERT INTO sqlite_sequence VALUES('auth_permission',84);
INSERT INTO sqlite_sequence VALUES('auth_group',0);
INSERT INTO sqlite_sequence VALUES('Savings_Accounts',0);
INSERT INTO sqlite_sequence VALUES('django_admin_log',0);
INSERT INTO sqlite_sequence VALUES('Users',0);
INSERT INTO sqlite_sequence VALUES('Loans',0);
INSERT INTO sqlite_sequence VALUES('Payment_Methods',0);
CREATE UNIQUE INDEX "django_content_type_app_label_model_76bd3d3b_uniq" ON "django_content_type" ("app_label", "model");
CREATE UNIQUE INDEX "auth_group_permissions_group_id_permission_id_0cd325b0_uniq" ON "auth_group_permissions" ("group_id", "permission_id");
CREATE INDEX "auth_group_permissions_group_id_b120cbf9" ON "auth_group_permissions" ("group_id");
CREATE INDEX "auth_group_permissions_permission_id_84c5c92e" ON "auth_group_permissions" ("permission_id");
CREATE UNIQUE INDEX "auth_permission_content_type_id_codename_01ab375a_uniq" ON "auth_permission" ("content_type_id", "codename");
CREATE INDEX "auth_permission_content_type_id_2f476e4b" ON "auth_permission" ("content_type_id");
CREATE UNIQUE INDEX "Users_groups_customuser_id_group_id_58b380ea_uniq" ON "Users_groups" ("customuser_id", "group_id");
CREATE INDEX "Users_groups_customuser_id_79b5ce10" ON "Users_groups" ("customuser_id");
CREATE INDEX "Users_groups_group_id_2ddde7ed" ON "Users_groups" ("group_id");
CREATE UNIQUE INDEX "Users_user_permissions_customuser_id_permission_id_6fd8bfec_uniq" ON "Users_user_permissions" ("customuser_id", "permission_id");
CREATE INDEX "Users_user_permissions_customuser_id_49b115f6" ON "Users_user_permissions" ("customuser_id");
CREATE INDEX "Users_user_permissions_permission_id_7995fa19" ON "Users_user_permissions" ("permission_id");
CREATE UNIQUE INDEX "Savings_Items_savings_id_item_id_ebda0a17_uniq" ON "Savings_Items" ("savings_id", "item_id");
CREATE INDEX "Savings_Items_item_id_00a3b141" ON "Savings_Items" ("item_id");
CREATE INDEX "Savings_Items_savings_id_247973b0" ON "Savings_Items" ("savings_id");
CREATE INDEX "django_admin_log_content_type_id_c4bce8eb" ON "django_admin_log" ("content_type_id");
CREATE INDEX "django_admin_log_user_id_c564eba6" ON "django_admin_log" ("user_id");
CREATE INDEX "django_session_expire_date_a5c62663" ON "django_session" ("expire_date");
CREATE INDEX "Loans_user_id_6b3a5a63" ON "Loans" ("user_id");
CREATE UNIQUE INDEX "Payment_Methods_currency_paymentmethod_id_currency_id_28fd09eb_uniq" ON "Payment_Methods_currency" ("paymentmethod_id", "currency_id");
CREATE INDEX "Payment_Methods_currency_paymentmethod_id_ae469c3d" ON "Payment_Methods_currency" ("paymentmethod_id");
CREATE INDEX "Payment_Methods_currency_currency_id_a622c209" ON "Payment_Methods_currency" ("currency_id");
CREATE INDEX "Payments_customer_id_37b7a917" ON "Payments" ("customer_id");
CREATE INDEX "Payments_loan_id_b3585b42" ON "Payments" ("loan_id");
CREATE INDEX "Payments_payment_method_id_acb23867" ON "Payments" ("payment_method_id");
CREATE INDEX "Payments_savings_id_6b3c710a" ON "Payments" ("savings_id");
CREATE INDEX "newmamapesa_communication_user_id_5fe0358e" ON "newmamapesa_communication" ("user_id");
COMMIT;
