PRAGMA foreign_keys=OFF;
BEGIN TRANSACTION;
CREATE TABLE IF NOT EXISTS "django_migrations" ("id" integer NOT NULL PRIMARY KEY AUTOINCREMENT, "app" varchar(255) NOT NULL, "name" varchar(255) NOT NULL, "applied" datetime NOT NULL);
INSERT INTO django_migrations VALUES(1,'contenttypes','0001_initial','2024-03-10 17:21:28.817559');
INSERT INTO django_migrations VALUES(2,'contenttypes','0002_remove_content_type_name','2024-03-10 17:21:28.858526');
INSERT INTO django_migrations VALUES(3,'auth','0001_initial','2024-03-10 17:21:28.922485');
INSERT INTO django_migrations VALUES(4,'auth','0002_alter_permission_name_max_length','2024-03-10 17:21:28.959463');
INSERT INTO django_migrations VALUES(5,'auth','0003_alter_user_email_max_length','2024-03-10 17:21:28.985447');
INSERT INTO django_migrations VALUES(6,'auth','0004_alter_user_username_opts','2024-03-10 17:21:29.016427');
INSERT INTO django_migrations VALUES(7,'auth','0005_alter_user_last_login_null','2024-03-10 17:21:29.051407');
INSERT INTO django_migrations VALUES(8,'auth','0006_require_contenttypes_0002','2024-03-10 17:21:29.067395');
INSERT INTO django_migrations VALUES(9,'auth','0007_alter_validators_add_error_messages','2024-03-10 17:21:29.097376');
INSERT INTO django_migrations VALUES(10,'auth','0008_alter_user_username_max_length','2024-03-10 17:21:29.130358');
INSERT INTO django_migrations VALUES(11,'auth','0009_alter_user_last_name_max_length','2024-03-10 17:21:29.160338');
INSERT INTO django_migrations VALUES(12,'auth','0010_alter_group_name_max_length','2024-03-10 17:21:29.199314');
INSERT INTO django_migrations VALUES(13,'auth','0011_update_proxy_permissions','2024-03-10 17:21:29.224298');
INSERT INTO django_migrations VALUES(14,'auth','0012_alter_user_first_name_max_length','2024-03-10 17:21:29.254281');
INSERT INTO django_migrations VALUES(15,'newmamapesa','0001_initial','2024-03-10 17:21:29.761966');
INSERT INTO django_migrations VALUES(16,'admin','0001_initial','2024-03-10 17:21:29.853909');
INSERT INTO django_migrations VALUES(17,'admin','0002_logentry_remove_auto_add','2024-03-10 17:21:29.921868');
INSERT INTO django_migrations VALUES(18,'admin','0003_logentry_add_action_flag_choices','2024-03-10 17:21:29.996822');
INSERT INTO django_migrations VALUES(19,'authtoken','0001_initial','2024-03-10 17:21:30.086765');
INSERT INTO django_migrations VALUES(20,'authtoken','0002_auto_20160226_1747','2024-03-10 17:21:30.341607');
INSERT INTO django_migrations VALUES(21,'authtoken','0003_tokenproxy','2024-03-10 17:21:30.366592');
INSERT INTO django_migrations VALUES(22,'newmamapesa','0002_alter_loan_options_alter_loan_table','2024-03-10 17:21:30.503506');
INSERT INTO django_migrations VALUES(23,'newmamapesa','0003_remove_loantransaction_type','2024-03-10 17:21:30.571466');
INSERT INTO django_migrations VALUES(24,'newmamapesa','0004_loantransaction_type_and_more','2024-03-10 17:21:30.707380');
INSERT INTO django_migrations VALUES(25,'newmamapesa','0005_loan_fee','2024-03-10 17:21:30.841298');
INSERT INTO django_migrations VALUES(26,'newmamapesa','0006_alter_loantransaction_type_delete_loanrepayment','2024-03-10 17:21:30.978213');
INSERT INTO django_migrations VALUES(27,'newmamapesa','0007_remove_loan_purpose_alter_loantransaction_type','2024-03-10 17:21:31.157102');
INSERT INTO django_migrations VALUES(28,'newmamapesa','0008_remove_customuser_created_at_and_more','2024-03-10 17:21:31.718754');
INSERT INTO django_migrations VALUES(29,'newmamapesa','0009_currency_remove_userdetails_user_and_more','2024-03-10 17:21:32.476799');
INSERT INTO django_migrations VALUES(30,'newmamapesa','0010_remove_savingstransaction_payment_method_and_more','2024-03-10 17:21:32.626704');
INSERT INTO django_migrations VALUES(31,'newmamapesa','0011_communication','2024-03-10 17:21:32.708655');
INSERT INTO django_migrations VALUES(32,'newmamapesa','0012_alter_communication_table','2024-03-10 17:21:32.770617');
INSERT INTO django_migrations VALUES(33,'newmamapesa','0013_customer_loan_limit_customer_loan_owed_and_more','2024-03-10 17:21:32.956500');
INSERT INTO django_migrations VALUES(34,'newmamapesa','0014_rename_address_customer_county','2024-03-10 17:21:33.056439');
INSERT INTO django_migrations VALUES(35,'newmamapesa','0015_alter_customuser_username','2024-03-10 17:21:33.221337');
INSERT INTO django_migrations VALUES(36,'newmamapesa','0016_alter_customer_county','2024-03-10 17:21:33.287295');
INSERT INTO django_migrations VALUES(37,'newmamapesa','0017_alter_customuser_managers_alter_customuser_username','2024-03-10 17:21:33.595106');
INSERT INTO django_migrations VALUES(38,'newmamapesa','0018_alter_customer_id_number','2024-03-10 17:21:33.677056');
INSERT INTO django_migrations VALUES(39,'sessions','0001_initial','2024-03-10 17:21:33.748011');
INSERT INTO django_migrations VALUES(40,'newmamapesa','0019_alter_customuser_username','2024-03-10 17:54:29.596175');
INSERT INTO django_migrations VALUES(41,'newmamapesa','0020_alter_customuser_phone_number','2024-03-10 18:41:54.004254');
INSERT INTO django_migrations VALUES(42,'newmamapesa','0021_alter_customer_id_number','2024-03-10 19:24:22.781794');
INSERT INTO django_migrations VALUES(43,'newmamapesa','0022_payment_savings_item','2024-03-10 20:51:16.206048');
INSERT INTO django_migrations VALUES(44,'newmamapesa','0023_alter_payment_options_payment_receiving_number_and_more','2024-03-11 15:48:49.428046');
CREATE TABLE IF NOT EXISTS "django_content_type" ("id" integer NOT NULL PRIMARY KEY AUTOINCREMENT, "app_label" varchar(100) NOT NULL, "model" varchar(100) NOT NULL);
INSERT INTO django_content_type VALUES(1,'admin','logentry');
INSERT INTO django_content_type VALUES(2,'auth','permission');
INSERT INTO django_content_type VALUES(3,'auth','group');
INSERT INTO django_content_type VALUES(4,'contenttypes','contenttype');
INSERT INTO django_content_type VALUES(5,'sessions','session');
INSERT INTO django_content_type VALUES(6,'newmamapesa','item');
INSERT INTO django_content_type VALUES(7,'newmamapesa','paymentmethod');
INSERT INTO django_content_type VALUES(8,'newmamapesa','customuser');
INSERT INTO django_content_type VALUES(9,'newmamapesa','loan');
INSERT INTO django_content_type VALUES(10,'newmamapesa','savings');
INSERT INTO django_content_type VALUES(11,'newmamapesa','savingsitem');
INSERT INTO django_content_type VALUES(12,'newmamapesa','currency');
INSERT INTO django_content_type VALUES(13,'newmamapesa','customer');
INSERT INTO django_content_type VALUES(14,'newmamapesa','payment');
INSERT INTO django_content_type VALUES(15,'newmamapesa','communication');
INSERT INTO django_content_type VALUES(16,'authtoken','token');
INSERT INTO django_content_type VALUES(17,'authtoken','tokenproxy');
CREATE TABLE IF NOT EXISTS "auth_group_permissions" ("id" integer NOT NULL PRIMARY KEY AUTOINCREMENT, "group_id" integer NOT NULL REFERENCES "auth_group" ("id") DEFERRABLE INITIALLY DEFERRED, "permission_id" integer NOT NULL REFERENCES "auth_permission" ("id") DEFERRABLE INITIALLY DEFERRED);
CREATE TABLE IF NOT EXISTS "auth_permission" ("id" integer NOT NULL PRIMARY KEY AUTOINCREMENT, "content_type_id" integer NOT NULL REFERENCES "django_content_type" ("id") DEFERRABLE INITIALLY DEFERRED, "codename" varchar(100) NOT NULL, "name" varchar(255) NOT NULL);
INSERT INTO auth_permission VALUES(1,1,'add_logentry','Can add log entry');
INSERT INTO auth_permission VALUES(2,1,'change_logentry','Can change log entry');
INSERT INTO auth_permission VALUES(3,1,'delete_logentry','Can delete log entry');
INSERT INTO auth_permission VALUES(4,1,'view_logentry','Can view log entry');
INSERT INTO auth_permission VALUES(5,2,'add_permission','Can add permission');
INSERT INTO auth_permission VALUES(6,2,'change_permission','Can change permission');
INSERT INTO auth_permission VALUES(7,2,'delete_permission','Can delete permission');
INSERT INTO auth_permission VALUES(8,2,'view_permission','Can view permission');
INSERT INTO auth_permission VALUES(9,3,'add_group','Can add group');
INSERT INTO auth_permission VALUES(10,3,'change_group','Can change group');
INSERT INTO auth_permission VALUES(11,3,'delete_group','Can delete group');
INSERT INTO auth_permission VALUES(12,3,'view_group','Can view group');
INSERT INTO auth_permission VALUES(13,4,'add_contenttype','Can add content type');
INSERT INTO auth_permission VALUES(14,4,'change_contenttype','Can change content type');
INSERT INTO auth_permission VALUES(15,4,'delete_contenttype','Can delete content type');
INSERT INTO auth_permission VALUES(16,4,'view_contenttype','Can view content type');
INSERT INTO auth_permission VALUES(17,5,'add_session','Can add session');
INSERT INTO auth_permission VALUES(18,5,'change_session','Can change session');
INSERT INTO auth_permission VALUES(19,5,'delete_session','Can delete session');
INSERT INTO auth_permission VALUES(20,5,'view_session','Can view session');
INSERT INTO auth_permission VALUES(21,6,'add_item','Can add item');
INSERT INTO auth_permission VALUES(22,6,'change_item','Can change item');
INSERT INTO auth_permission VALUES(23,6,'delete_item','Can delete item');
INSERT INTO auth_permission VALUES(24,6,'view_item','Can view item');
INSERT INTO auth_permission VALUES(25,7,'add_paymentmethod','Can add payment method');
INSERT INTO auth_permission VALUES(26,7,'change_paymentmethod','Can change payment method');
INSERT INTO auth_permission VALUES(27,7,'delete_paymentmethod','Can delete payment method');
INSERT INTO auth_permission VALUES(28,7,'view_paymentmethod','Can view payment method');
INSERT INTO auth_permission VALUES(29,8,'add_customuser','Can add custom user');
INSERT INTO auth_permission VALUES(30,8,'change_customuser','Can change custom user');
INSERT INTO auth_permission VALUES(31,8,'delete_customuser','Can delete custom user');
INSERT INTO auth_permission VALUES(32,8,'view_customuser','Can view custom user');
INSERT INTO auth_permission VALUES(33,9,'add_loan','Can add loan');
INSERT INTO auth_permission VALUES(34,9,'change_loan','Can change loan');
INSERT INTO auth_permission VALUES(35,9,'delete_loan','Can delete loan');
INSERT INTO auth_permission VALUES(36,9,'view_loan','Can view loan');
INSERT INTO auth_permission VALUES(37,10,'add_savings','Can add savings');
INSERT INTO auth_permission VALUES(38,10,'change_savings','Can change savings');
INSERT INTO auth_permission VALUES(39,10,'delete_savings','Can delete savings');
INSERT INTO auth_permission VALUES(40,10,'view_savings','Can view savings');
INSERT INTO auth_permission VALUES(41,11,'add_savingsitem','Can add savings item');
INSERT INTO auth_permission VALUES(42,11,'change_savingsitem','Can change savings item');
INSERT INTO auth_permission VALUES(43,11,'delete_savingsitem','Can delete savings item');
INSERT INTO auth_permission VALUES(44,11,'view_savingsitem','Can view savings item');
INSERT INTO auth_permission VALUES(45,12,'add_currency','Can add currency');
INSERT INTO auth_permission VALUES(46,12,'change_currency','Can change currency');
INSERT INTO auth_permission VALUES(47,12,'delete_currency','Can delete currency');
INSERT INTO auth_permission VALUES(48,12,'view_currency','Can view currency');
INSERT INTO auth_permission VALUES(49,13,'add_customer','Can add customer');
INSERT INTO auth_permission VALUES(50,13,'change_customer','Can change customer');
INSERT INTO auth_permission VALUES(51,13,'delete_customer','Can delete customer');
INSERT INTO auth_permission VALUES(52,13,'view_customer','Can view customer');
INSERT INTO auth_permission VALUES(53,14,'add_payment','Can add payment');
INSERT INTO auth_permission VALUES(54,14,'change_payment','Can change payment');
INSERT INTO auth_permission VALUES(55,14,'delete_payment','Can delete payment');
INSERT INTO auth_permission VALUES(56,14,'view_payment','Can view payment');
INSERT INTO auth_permission VALUES(57,15,'add_communication','Can add communication');
INSERT INTO auth_permission VALUES(58,15,'change_communication','Can change communication');
INSERT INTO auth_permission VALUES(59,15,'delete_communication','Can delete communication');
INSERT INTO auth_permission VALUES(60,15,'view_communication','Can view communication');
INSERT INTO auth_permission VALUES(61,16,'add_token','Can add Token');
INSERT INTO auth_permission VALUES(62,16,'change_token','Can change Token');
INSERT INTO auth_permission VALUES(63,16,'delete_token','Can delete Token');
INSERT INTO auth_permission VALUES(64,16,'view_token','Can view Token');
INSERT INTO auth_permission VALUES(65,17,'add_tokenproxy','Can add token');
INSERT INTO auth_permission VALUES(66,17,'change_tokenproxy','Can change token');
INSERT INTO auth_permission VALUES(67,17,'delete_tokenproxy','Can delete token');
INSERT INTO auth_permission VALUES(68,17,'view_tokenproxy','Can view token');
CREATE TABLE IF NOT EXISTS "auth_group" ("id" integer NOT NULL PRIMARY KEY AUTOINCREMENT, "name" varchar(150) NOT NULL UNIQUE);
CREATE TABLE IF NOT EXISTS "Items" ("id" integer NOT NULL PRIMARY KEY AUTOINCREMENT, "name" varchar(255) NOT NULL, "loan_count" integer NOT NULL, "price" decimal NOT NULL, "description" text NULL, "in_stock" bool NOT NULL, "image" varchar(100) NULL);
INSERT INTO Items VALUES(1,'Coding SetUp',0,200000,'An item called Coding SetUp',1,'');
INSERT INTO Items VALUES(2,'Coding setup',0,190000,'An item called Coding setup',1,'');
INSERT INTO Items VALUES(3,'Mac book',0,210000,'An item called Mac book',1,'');
CREATE TABLE IF NOT EXISTS "Users_groups" ("id" integer NOT NULL PRIMARY KEY AUTOINCREMENT, "customuser_id" bigint NOT NULL REFERENCES "Users" ("id") DEFERRABLE INITIALLY DEFERRED, "group_id" integer NOT NULL REFERENCES "auth_group" ("id") DEFERRABLE INITIALLY DEFERRED);
CREATE TABLE IF NOT EXISTS "Users_user_permissions" ("id" integer NOT NULL PRIMARY KEY AUTOINCREMENT, "customuser_id" bigint NOT NULL REFERENCES "Users" ("id") DEFERRABLE INITIALLY DEFERRED, "permission_id" integer NOT NULL REFERENCES "auth_permission" ("id") DEFERRABLE INITIALLY DEFERRED);
CREATE TABLE IF NOT EXISTS "Savings_Items" ("id" integer NOT NULL PRIMARY KEY AUTOINCREMENT, "target_amount" decimal NOT NULL, "amount_saved" decimal NOT NULL, "start_date" date NOT NULL, "due_date" date NULL, "achieved" bool NOT NULL, "in_progress" bool NOT NULL, "saving_period" integer NOT NULL, "is_suspended" bool NOT NULL, "item_id" bigint NOT NULL REFERENCES "Items" ("id") DEFERRABLE INITIALLY DEFERRED, "savings_id" bigint NOT NULL REFERENCES "Savings_Accounts" ("id") DEFERRABLE INITIALLY DEFERRED);
INSERT INTO Savings_Items VALUES(1,200000,4350,'2024-03-10','2024-06-08',0,1,90,0,1,7);
INSERT INTO Savings_Items VALUES(2,190000,50,'2024-03-11','2024-06-09',1,0,90,0,2,1);
INSERT INTO Savings_Items VALUES(3,210000,100000,'2024-03-11','2024-06-09',0,1,90,0,3,1);
CREATE TABLE IF NOT EXISTS "Savings_Accounts" ("id" integer NOT NULL PRIMARY KEY AUTOINCREMENT, "amount_saved" decimal NOT NULL, "created_at" datetime NOT NULL, "updated_at" datetime NOT NULL, "user_id" bigint NOT NULL UNIQUE REFERENCES "Users" ("id") DEFERRABLE INITIALLY DEFERRED);
INSERT INTO Savings_Accounts VALUES(1,100050,'2024-03-10 17:22:10.173211','2024-03-11 15:43:27.804104',1);
INSERT INTO Savings_Accounts VALUES(2,0,'2024-03-10 17:55:01.339760','2024-03-10 17:55:01.340760',2);
INSERT INTO Savings_Accounts VALUES(6,0,'2024-03-10 18:23:33.725841','2024-03-10 18:23:33.725841',6);
INSERT INTO Savings_Accounts VALUES(7,4350,'2024-03-10 18:25:33.997103','2024-03-10 21:41:19.018156',7);
INSERT INTO Savings_Accounts VALUES(8,0,'2024-03-10 18:37:39.594706','2024-03-10 18:37:39.594706',8);
INSERT INTO Savings_Accounts VALUES(9,0,'2024-03-10 18:38:37.584461','2024-03-10 18:38:37.584461',9);
INSERT INTO Savings_Accounts VALUES(10,0,'2024-03-10 18:47:36.559678','2024-03-10 18:47:36.559678',10);
INSERT INTO Savings_Accounts VALUES(11,0,'2024-03-10 19:25:09.375975','2024-03-10 19:25:09.375975',11);
CREATE TABLE IF NOT EXISTS "django_admin_log" ("id" integer NOT NULL PRIMARY KEY AUTOINCREMENT, "object_id" text NULL, "object_repr" varchar(200) NOT NULL, "action_flag" smallint unsigned NOT NULL CHECK ("action_flag" >= 0), "change_message" text NOT NULL, "content_type_id" integer NULL REFERENCES "django_content_type" ("id") DEFERRABLE INITIALLY DEFERRED, "user_id" bigint NOT NULL REFERENCES "Users" ("id") DEFERRABLE INITIALLY DEFERRED, "action_time" datetime NOT NULL);
INSERT INTO django_admin_log VALUES(1,'2','0729175448',1,'[{"added": {}}]',8,1,'2024-03-10 17:55:01.345756');
INSERT INTO django_admin_log VALUES(2,'3','0729165441',3,'',8,1,'2024-03-10 18:08:45.441829');
INSERT INTO django_admin_log VALUES(3,'4','0729165441',3,'',8,1,'2024-03-10 18:13:13.077968');
INSERT INTO django_admin_log VALUES(4,'5','0729165441',3,'',8,1,'2024-03-10 18:23:06.931231');
INSERT INTO django_admin_log VALUES(5,'1','KES',1,'[{"added": {}}]',12,1,'2024-03-10 21:25:03.541857');
INSERT INTO django_admin_log VALUES(6,'2','USD',1,'[{"added": {}}]',12,1,'2024-03-10 21:25:19.009928');
INSERT INTO django_admin_log VALUES(7,'1','Mpesa payment method',1,'[{"added": {}}]',7,1,'2024-03-10 21:26:09.203529');
INSERT INTO django_admin_log VALUES(8,'1','0729165447',2,'[{"changed": {"fields": ["First name", "Last name"]}}]',8,1,'2024-03-11 14:57:39.575569');
CREATE TABLE IF NOT EXISTS "authtoken_token" ("key" varchar(40) NOT NULL PRIMARY KEY, "created" datetime NOT NULL, "user_id" bigint NOT NULL UNIQUE REFERENCES "Users" ("id") DEFERRABLE INITIALLY DEFERRED);
INSERT INTO authtoken_token VALUES('c4704a0f753a62cef7914d59f170d4859e9f06ae','2024-03-10 17:55:01.336763',2);
INSERT INTO authtoken_token VALUES('7e47e8922e9384ed645cc05d34c9ca620bf7a885','2024-03-10 18:23:33.715849',6);
INSERT INTO authtoken_token VALUES('3ea3903d23a3d38860cf5d400340a5d3df943263','2024-03-10 18:25:33.985110',7);
INSERT INTO authtoken_token VALUES('456bcdf23cf5fe248eec8193e0374ea95b732e32','2024-03-10 18:37:39.578717',8);
INSERT INTO authtoken_token VALUES('72eccdcf6277f9f4a00ae2bf6f3fa4c384f072bf','2024-03-10 18:38:37.570470',9);
INSERT INTO authtoken_token VALUES('148833e10f74d43d543606ead0afbf0fb99d4b56','2024-03-10 18:47:36.545688',10);
INSERT INTO authtoken_token VALUES('829e9dee1b37b9f28863e9a63644db9d4425212e','2024-03-10 19:25:09.346993',11);
INSERT INTO authtoken_token VALUES('00256dc093ae7b5d6efbbcbbdb219630aaf3c0d2','2024-03-11 13:22:10.808746',1);
CREATE TABLE IF NOT EXISTS "Currencies" ("id" integer NOT NULL PRIMARY KEY AUTOINCREMENT, "code" varchar(3) NOT NULL UNIQUE, "name" varchar(100) NOT NULL);
INSERT INTO Currencies VALUES(1,'KES','Kenyan Shillings');
INSERT INTO Currencies VALUES(2,'USD','Dollar');
CREATE TABLE IF NOT EXISTS "Loans" ("id" integer NOT NULL PRIMARY KEY AUTOINCREMENT, "amount" decimal NOT NULL, "loan_duration" integer NOT NULL, "application_date" date NOT NULL, "due_date" date NULL, "repaid_amount" decimal NOT NULL, "is_approved" bool NOT NULL, "is_active" bool NOT NULL, "amount_disbursed" decimal NULL, "created_at" datetime NOT NULL, "updated_at" datetime NOT NULL, "user_id" bigint NOT NULL REFERENCES "Users" ("id") DEFERRABLE INITIALLY DEFERRED, "amount_deducted" decimal NULL, "approval_date" date NULL, "deduction_rate" decimal NOT NULL, "default_rate" decimal NOT NULL, "is_disbursed" bool NOT NULL, "default_days" integer NOT NULL);
CREATE TABLE IF NOT EXISTS "Payment_Methods" ("id" integer NOT NULL PRIMARY KEY AUTOINCREMENT, "name" varchar(30) NOT NULL, "description" text NOT NULL, "icon" varchar(100) NULL, "active" bool NOT NULL, "created_at" datetime NOT NULL, "updated_at" datetime NOT NULL, "payment_gateway" varchar(50) NOT NULL);
INSERT INTO Payment_Methods VALUES(1,'Mpesa','Safaricom Limited Payment Method','',1,'2024-03-10 21:26:09.192535','2024-03-10 21:26:09.192535','gateway');
CREATE TABLE IF NOT EXISTS "Payment_Methods_currency" ("id" integer NOT NULL PRIMARY KEY AUTOINCREMENT, "paymentmethod_id" bigint NOT NULL REFERENCES "Payment_Methods" ("id") DEFERRABLE INITIALLY DEFERRED, "currency_id" bigint NOT NULL REFERENCES "Currencies" ("id") DEFERRABLE INITIALLY DEFERRED);
INSERT INTO Payment_Methods_currency VALUES(1,1,1);
CREATE TABLE IF NOT EXISTS "Payments" ("id" integer NOT NULL PRIMARY KEY AUTOINCREMENT, "amount" decimal NOT NULL, "type" varchar(50) NOT NULL, "transaction_id" varchar(100) NULL, "payment_ref" varchar(100) NULL, "status" varchar(50) NOT NULL, "payment_date" datetime NOT NULL, "customer_id" bigint NOT NULL REFERENCES "Customer" ("id") DEFERRABLE INITIALLY DEFERRED, "loan_id" bigint NULL REFERENCES "Loans" ("id") DEFERRABLE INITIALLY DEFERRED, "payment_method_id" bigint NULL REFERENCES "Payment_Methods" ("id") DEFERRABLE INITIALLY DEFERRED, "savings_id" bigint NULL REFERENCES "Savings_Accounts" ("id") DEFERRABLE INITIALLY DEFERRED, "savings_item_id" bigint NULL REFERENCES "Savings_Items" ("id") DEFERRABLE INITIALLY DEFERRED, "receiving_number" varchar(15) NULL, "receiving_till" varchar(15) NULL);
INSERT INTO Payments VALUES(1,200,'Savings Deposit','','','completed','2024-03-10 21:26:28.680096',7,NULL,1,NULL,1,NULL,NULL);
INSERT INTO Payments VALUES(2,300,'Savings Deposit','','','pending','2024-03-10 21:27:20.181781',7,NULL,1,NULL,1,NULL,NULL);
INSERT INTO Payments VALUES(3,400,'Savings Deposit','','','pending','2024-03-10 21:30:57.316120',7,NULL,1,NULL,1,NULL,NULL);
INSERT INTO Payments VALUES(4,500,'Savings Deposit','','','pending','2024-03-10 21:32:48.332140',7,NULL,1,NULL,1,NULL,NULL);
INSERT INTO Payments VALUES(5,100,'Savings Deposit','','','pending','2024-03-10 21:35:06.245545',7,NULL,1,NULL,1,NULL,NULL);
INSERT INTO Payments VALUES(6,100,'Savings Deposit','','','completed','2024-03-10 21:37:20.640880',7,NULL,1,NULL,1,NULL,NULL);
INSERT INTO Payments VALUES(7,50,'Savings Deposit','','','completed','2024-03-10 21:38:04.033213',7,NULL,1,NULL,1,NULL,NULL);
INSERT INTO Payments VALUES(8,300,'Savings Deposit','','','completed','2024-03-10 21:41:19.035145',7,NULL,1,NULL,1,NULL,NULL);
INSERT INTO Payments VALUES(9,160000,'Savings Deposit','','','completed','2024-03-11 13:24:55.414449',1,NULL,1,NULL,2,NULL,NULL);
INSERT INTO Payments VALUES(10,30000,'Savings Deposit','','','completed','2024-03-11 13:25:15.705582',1,NULL,1,NULL,2,NULL,NULL);
INSERT INTO Payments VALUES(11,3000,'Savings Deposit','','','completed','2024-03-11 13:48:43.783667',1,NULL,1,NULL,2,NULL,NULL);
INSERT INTO Payments VALUES(12,190000,'Savings Deposit','','','completed','2024-03-11 14:10:33.928057',1,NULL,1,NULL,2,NULL,NULL);
INSERT INTO Payments VALUES(13,190000,'Savings Deposit','','','completed','2024-03-11 14:14:01.973084',1,NULL,1,NULL,2,NULL,NULL);
INSERT INTO Payments VALUES(14,190000,'Savings Deposit','','','completed','2024-03-11 14:29:33.572159',1,NULL,1,NULL,2,NULL,NULL);
INSERT INTO Payments VALUES(15,1000,'Savings Deposit','','','completed','2024-03-11 14:47:20.185324',1,NULL,1,NULL,2,NULL,NULL);
INSERT INTO Payments VALUES(16,1000,'Savings Deposit','','','completed','2024-03-11 14:52:05.088924',1,NULL,1,NULL,2,NULL,NULL);
INSERT INTO Payments VALUES(17,50,'Supplier Withdrawal','','','pending','2024-03-11 14:58:22.982897',1,NULL,1,NULL,2,NULL,NULL);
INSERT INTO Payments VALUES(18,40,'Supplier Withdrawal','','','pending','2024-03-11 15:00:45.129725',1,NULL,1,NULL,2,NULL,NULL);
INSERT INTO Payments VALUES(19,30,'Supplier Withdrawal','','','completed','2024-03-11 15:03:32.086133',1,NULL,1,NULL,2,NULL,NULL);
INSERT INTO Payments VALUES(20,35,'Supplier Withdrawal','','','failed','2024-03-11 15:04:44.347672',1,NULL,1,NULL,2,NULL,NULL);
INSERT INTO Payments VALUES(21,40,'Savings Deposit','','','completed','2024-03-11 15:19:21.869745',1,NULL,1,NULL,2,NULL,NULL);
INSERT INTO Payments VALUES(22,20,'Supplier Withdrawal','','','failed','2024-03-11 15:21:06.946219',1,NULL,1,NULL,2,NULL,NULL);
INSERT INTO Payments VALUES(23,20,'Supplier Withdrawal','','','completed','2024-03-11 15:22:26.261072',1,NULL,1,NULL,2,NULL,NULL);
INSERT INTO Payments VALUES(24,50,'Supplier Withdrawal','','','completed','2024-03-11 15:42:31.577985',1,NULL,1,NULL,2,NULL,NULL);
INSERT INTO Payments VALUES(25,100000,'Savings Deposit','','','completed','2024-03-11 15:43:27.814099',1,NULL,1,NULL,3,NULL,NULL);
CREATE TABLE IF NOT EXISTS "Communications" ("id" integer NOT NULL PRIMARY KEY AUTOINCREMENT, "communication_type" varchar(20) NOT NULL, "timestamp" datetime NOT NULL, "message" text NOT NULL, "user_id" bigint NOT NULL REFERENCES "Users" ("id") DEFERRABLE INITIALLY DEFERRED);
CREATE TABLE IF NOT EXISTS "django_session" ("session_key" varchar(40) NOT NULL PRIMARY KEY, "session_data" text NOT NULL, "expire_date" datetime NOT NULL);
INSERT INTO django_session VALUES('3vmc9z9twbvnjxosqnplquc04c5w99gi','.eJxVjEEOgjAQRe_StWlKx0Jx6Z4zkJk_xaIGEgor492VhIVu_3vvv0zP25r7raSlH9VcTGVOv5swHmnagd55us0W87Quo9hdsQcttps1Pa-H-3eQueRvnWpRiAekjTi3CqIBpH4I4ArS-ACfnCOGDMFR46j2sUpOfYQjYfP-AB5HOMg:1rjMsj:5y2ae-8z4QaQcz-ltK-pqjsipzJcV5mnumtnm9BzrCE','2024-03-24 17:22:41.205226');
INSERT INTO django_session VALUES('7pqpkt6chtd16mtpgu9bnsmfm0iduk82','.eJxVi0sOwiAQQO_C2jTDFCLj0hN4AzIMQzCmaKSNC9O7V5MudPs-bxN5mWtcuj7jNZuTOZrDL0ssN21f0fQ18cQP7TzstA-Xem963pu_sXKvn6skEVsc-hFG8Y6yEmFWlOJBEgUWZ10RABTIgMEiETkKJOhZA5t1AxXhNP4:1rjO5Y:0SkwzX3GxyAH8_azLQzqiW4CvtlwICTnc7mNNBaEqtc','2024-03-24 18:40:00.061498');
INSERT INTO django_session VALUES('26kt7a4fw7kgxvfl3vu6r584j7k3uyl1','.eJxVizsOwjAMQO-SGVWuTdqUkRNwg8h2HAWhBkRaMSDuDkgdYH2fp4u8LiWuze7xnNzB9W73y4T1YvUrqj1mnvlmjbuNtu5UrtWOW_M3Fm7lc9kgSQVVZQq6n5ISZaWE2Sv3KiN6RQMgVskeaAQaMPQGCYMCCbvXG0DjNe4:1rjf4i:6bjSfMIKXnMKWA-4EQBtFg0wL9aqk7x1s9yvZhmM7nc','2024-03-25 12:48:16.274180');
INSERT INTO django_session VALUES('2gzjsee4k4e2t435r2pynhje7ssrqq3i','.eJxVizsOwjAMQO-SGVWuTdqUkRNwg8h2HAWhBkRaMSDuDkgdYH2fp4u8LiWuze7xnNzB9W73y4T1YvUrqj1mnvlmjbuNtu5UrtWOW_M3Fm7lc9kgSQVVZQq6n5ISZaWE2Sv3KiN6RQMgVskeaAQaMPQGCYMCCbvXG0DjNe4:1rjfER:usUm92zT1yRcjjLaGSkHF1zlirGCiWT69GlotFgG2Ws','2024-03-25 12:58:19.539647');
INSERT INTO django_session VALUES('k6xtohrzhu7w0aqyeibpydm3gumua2g5','.eJxVizsOwjAMQO-SGVWuTdqUkRNwg8h2HAWhBkRaMSDuDkgdYH2fp4u8LiWuze7xnNzB9W73y4T1YvUrqj1mnvlmjbuNtu5UrtWOW_M3Fm7lc9kgSQVVZQq6n5ISZaWE2Sv3KiN6RQMgVskeaAQaMPQGCYMCCbvXG0DjNe4:1rjfLN:xrHdx_TwQg7NebHIruiuYxf6cQLAY3aNikK2I8ZhcQw','2024-03-25 13:05:29.706498');
INSERT INTO django_session VALUES('39c5kk9lu0se50doa7i0t2ji4c2008gm','.eJxVizsOwjAMQO-SGVWuTdqUkRNwg8h2HAWhBkRaMSDuDkgdYH2fp4u8LiWuze7xnNzB9W73y4T1YvUrqj1mnvlmjbuNtu5UrtWOW_M3Fm7lc9kgSQVVZQq6n5ISZaWE2Sv3KiN6RQMgVskeaAQaMPQGCYMCCbvXG0DjNe4:1rjfbW:HghveDSarDFYxcVlY4ffnEPldsD9cNXbw2We4tOcycM','2024-03-25 13:22:10.825735');
CREATE TABLE IF NOT EXISTS "Users" ("id" integer NOT NULL PRIMARY KEY AUTOINCREMENT, "password" varchar(128) NOT NULL, "last_login" datetime NULL, "is_superuser" bool NOT NULL, "username" varchar(15) NULL UNIQUE, "first_name" varchar(150) NOT NULL, "last_name" varchar(150) NOT NULL, "is_staff" bool NOT NULL, "is_active" bool NOT NULL, "date_joined" datetime NOT NULL, "email" varchar(254) NOT NULL, "created_at" datetime NOT NULL, "updated_at" datetime NOT NULL, "phone_number" varchar(10) NULL UNIQUE);
INSERT INTO Users VALUES(1,'pbkdf2_sha256$720000$0XrXGoqOIWSb2mVfB0IOoI$PSmQk203fIByGzCrMViojawzATMP3BlA7+t/ugyuzTw=','2024-03-11 13:22:10',1,'','Samuel','Maiko',1,1,'2024-03-10 17:22:08.261187','sam@gmail.com','2024-03-10 17:22:10.145228','2024-03-11 14:57:39.570574','0729165447');
INSERT INTO Users VALUES(2,'pbkdf2_sha256$720000$4AdTv2xCWSfw362vp1ux9y$Cum7G3cShQb+LzH9863d3AKRVyLTPsPxq3RhnIQSiEw=',NULL,0,NULL,'','',0,1,'2024-03-10 17:54:59.351982','','2024-03-10 17:55:01.330765','2024-03-10 17:55:01.330765','0729175448');
INSERT INTO Users VALUES(6,'pbkdf2_sha256$720000$XHaLRCazqWGObSeVX8RzvX$hwraxhnfBDMMCsAZ4nlcF3v7ebayfmq/amcIH/gtbus=',NULL,0,NULL,'Just','Testing',0,1,'2024-03-10 18:23:31.517209','','2024-03-10 18:23:33.698860','2024-03-10 18:23:33.698860','0729165441');
INSERT INTO Users VALUES(7,'pbkdf2_sha256$720000$F3yF6u0VIYy4MPRzbHotfa$Yc29JXD9u9RuGUIM6xqm6HR8nhbD5Z2X+jzTyaHAy7k=','2024-03-10 18:40:00.041510',0,NULL,'Just','Testing',0,1,'2024-03-10 18:25:31.989344','','2024-03-10 18:25:33.974117','2024-03-10 18:25:33.974117','0729165442');
INSERT INTO Users VALUES(8,'pbkdf2_sha256$720000$4QSqQDzRu2tlHJcVo80Df7$xwNnfjguebv6eAKU/7Yb3FMiIxpl+lZDj4GlB6g5ACk=',NULL,0,NULL,'Just','Testing',0,1,'2024-03-10 18:37:37.232169','','2024-03-10 18:37:39.560728','2024-03-10 18:37:39.560728','0729165443');
INSERT INTO Users VALUES(9,'pbkdf2_sha256$720000$SEKrgVU7E2qXRt8JB6gKNk$F2oAtW3TxpUr8HTA3cPFrMF/dRxX+ASZ0YQd0VUNt2Q=',NULL,0,NULL,'Just','Testing',0,1,'2024-03-10 18:38:34.835164','','2024-03-10 18:38:37.548482','2024-03-10 18:38:37.548482','0729165444');
INSERT INTO Users VALUES(10,'pbkdf2_sha256$720000$BX0U39kkrB3urvnjKWjFo7$O9vfFsV/e/6l5foskSNIO2/lK1HO3092/Z22bRFYFHY=',NULL,0,NULL,'Just','Testing',0,1,'2024-03-10 18:47:34.166161','just@gmail.com','2024-03-10 18:47:36.533696','2024-03-10 18:47:36.533696','0729165446');
INSERT INTO Users VALUES(11,'pbkdf2_sha256$720000$yB6OIr48bd5ISR80pOUGrz$hUju0dPVjbIvWiwXcYM/HrbMt+flG+7dc417Buxdiac=',NULL,0,NULL,'Just','Testing',0,1,'2024-03-10 19:25:06.714623','just@gmail.com','2024-03-10 19:25:09.330003','2024-03-10 19:25:09.330003','072916544');
CREATE TABLE IF NOT EXISTS "Customer" ("id" integer NOT NULL PRIMARY KEY AUTOINCREMENT, "account_number" varchar(20) NOT NULL, "trust_score" decimal NOT NULL, "created_at" datetime NOT NULL, "updated_at" datetime NOT NULL, "user_id" bigint NOT NULL UNIQUE REFERENCES "Users" ("id") DEFERRABLE INITIALLY DEFERRED, "loan_limit" decimal NOT NULL, "loan_owed" decimal NOT NULL, "county" varchar(100) NULL, "id_number" varchar(8) NOT NULL);
INSERT INTO Customer VALUES(1,'',0,'2024-03-10 17:22:10.187205','2024-03-10 17:22:10.187205',1,1000,0,NULL,'');
INSERT INTO Customer VALUES(2,'',0,'2024-03-10 17:55:01.342759','2024-03-10 17:55:01.342759',2,1000,0,NULL,'');
INSERT INTO Customer VALUES(6,'',0,'2024-03-10 18:23:33.734837','2024-03-10 18:23:33.767815',6,1000,0,NULL,'7365576353');
INSERT INTO Customer VALUES(7,'',0,'2024-03-10 18:25:34.011092','2024-03-10 18:25:34.025083',7,1000,0,NULL,'7365576353');
INSERT INTO Customer VALUES(8,'',0,'2024-03-10 18:37:39.610698','2024-03-10 18:37:39.652672',8,1000,0,NULL,'7365576353');
INSERT INTO Customer VALUES(9,'',0,'2024-03-10 18:38:37.598456','2024-03-10 18:38:37.636430',9,1000,0,NULL,'7365576353');
INSERT INTO Customer VALUES(10,'',0,'2024-03-10 18:47:36.574670','2024-03-10 18:47:36.616645',10,1000,0,NULL,'73655763');
INSERT INTO Customer VALUES(11,'',0,'2024-03-10 19:25:09.384970','2024-03-10 19:25:09.429943',11,1000,0,NULL,'73655763');
DELETE FROM sqlite_sequence;
INSERT INTO sqlite_sequence VALUES('django_migrations',44);
INSERT INTO sqlite_sequence VALUES('django_content_type',17);
INSERT INTO sqlite_sequence VALUES('auth_permission',68);
INSERT INTO sqlite_sequence VALUES('auth_group',0);
INSERT INTO sqlite_sequence VALUES('Savings_Accounts',11);
INSERT INTO sqlite_sequence VALUES('django_admin_log',8);
INSERT INTO sqlite_sequence VALUES('Loans',0);
INSERT INTO sqlite_sequence VALUES('Payment_Methods',1);
INSERT INTO sqlite_sequence VALUES('Users',11);
INSERT INTO sqlite_sequence VALUES('Items',3);
INSERT INTO sqlite_sequence VALUES('Savings_Items',3);
INSERT INTO sqlite_sequence VALUES('Customer',11);
INSERT INTO sqlite_sequence VALUES('Currencies',2);
INSERT INTO sqlite_sequence VALUES('Payment_Methods_currency',1);
INSERT INTO sqlite_sequence VALUES('Payments',25);
CREATE UNIQUE INDEX "django_content_type_app_label_model_76bd3d3b_uniq" ON "django_content_type" ("app_label", "model");
CREATE UNIQUE INDEX "auth_group_permissions_group_id_permission_id_0cd325b0_uniq" ON "auth_group_permissions" ("group_id", "permission_id");
CREATE INDEX "auth_group_permissions_group_id_b120cbf9" ON "auth_group_permissions" ("group_id");
CREATE INDEX "auth_group_permissions_permission_id_84c5c92e" ON "auth_group_permissions" ("permission_id");
CREATE UNIQUE INDEX "auth_permission_content_type_id_codename_01ab375a_uniq" ON "auth_permission" ("content_type_id", "codename");
CREATE INDEX "auth_permission_content_type_id_2f476e4b" ON "auth_permission" ("content_type_id");
CREATE UNIQUE INDEX "Users_groups_customuser_id_group_id_58b380ea_uniq" ON "Users_groups" ("customuser_id", "group_id");
CREATE INDEX "Users_groups_customuser_id_79b5ce10" ON "Users_groups" ("customuser_id");
CREATE INDEX "Users_groups_group_id_2ddde7ed" ON "Users_groups" ("group_id");
CREATE UNIQUE INDEX "Users_user_permissions_customuser_id_permission_id_6fd8bfec_uniq" ON "Users_user_permissions" ("customuser_id", "permission_id");
CREATE INDEX "Users_user_permissions_customuser_id_49b115f6" ON "Users_user_permissions" ("customuser_id");
CREATE INDEX "Users_user_permissions_permission_id_7995fa19" ON "Users_user_permissions" ("permission_id");
CREATE UNIQUE INDEX "Savings_Items_savings_id_item_id_ebda0a17_uniq" ON "Savings_Items" ("savings_id", "item_id");
CREATE INDEX "Savings_Items_item_id_00a3b141" ON "Savings_Items" ("item_id");
CREATE INDEX "Savings_Items_savings_id_247973b0" ON "Savings_Items" ("savings_id");
CREATE INDEX "django_admin_log_content_type_id_c4bce8eb" ON "django_admin_log" ("content_type_id");
CREATE INDEX "django_admin_log_user_id_c564eba6" ON "django_admin_log" ("user_id");
CREATE INDEX "Loans_user_id_6b3a5a63" ON "Loans" ("user_id");
CREATE UNIQUE INDEX "Payment_Methods_currency_paymentmethod_id_currency_id_28fd09eb_uniq" ON "Payment_Methods_currency" ("paymentmethod_id", "currency_id");
CREATE INDEX "Payment_Methods_currency_paymentmethod_id_ae469c3d" ON "Payment_Methods_currency" ("paymentmethod_id");
CREATE INDEX "Payment_Methods_currency_currency_id_a622c209" ON "Payment_Methods_currency" ("currency_id");
CREATE INDEX "Payments_customer_id_37b7a917" ON "Payments" ("customer_id");
CREATE INDEX "Payments_loan_id_b3585b42" ON "Payments" ("loan_id");
CREATE INDEX "Payments_payment_method_id_acb23867" ON "Payments" ("payment_method_id");
CREATE INDEX "Payments_savings_id_6b3c710a" ON "Payments" ("savings_id");
CREATE INDEX "newmamapesa_communication_user_id_5fe0358e" ON "Communications" ("user_id");
CREATE INDEX "django_session_expire_date_a5c62663" ON "django_session" ("expire_date");
CREATE INDEX "Payments_savings_item_id_651dd595" ON "Payments" ("savings_item_id");
COMMIT;
